<?xml version="1.0" encoding="UTF-8"?>
<project-private xmlns="http://www.netbeans.org/ns/project-private/1">
    <editor-bookmarks xmlns="http://www.netbeans.org/ns/editor-bookmarks/2" lastBookmarkId="0"/>
    <open-files xmlns="http://www.netbeans.org/ns/projectui-open-files/2">
        <group>
            <file>file:/C:/Users/Diego%20Hernandez/OneDrive/Documentos/NetBeansProjects/ProyectoRespiarte/src/proyectorespiarte/Paciente.java</file>
            <file>file:/C:/Users/Diego%20Hernandez/OneDrive/Documentos/NetBeansProjects/ProyectoRespiarte/src/proyectorespiarte/PacienteDAO.java</file>
            <file>file:/C:/Users/Diego%20Hernandez/OneDrive/Documentos/NetBeansProjects/ProyectoRespiarte/src/proyectorespiarte/ProyectoRespiarte.java</file>
            <file>file:/C:/Users/Diego%20Hernandez/OneDrive/Documentos/NetBeansProjects/ProyectoRespiarte/src/proyectorespiarte/DataBaseConnection.java</file>
            <file>file:/C:/Users/Diego%20Hernandez/OneDrive/Documentos/NetBeansProjects/ProyectoRespiarte/src/proyectorespiarte/Persona.java</file>
            <file>file:/C:/Users/Diego%20Hernandez/OneDrive/Documentos/NetBeansProjects/ProyectoRespiarte/src/proyectorespiarte/PersonaDAO.java</file>
        </group>
    </open-files>
</project-private>
